time,chassis_x,chassis_y,chassis_yaw,leg_joint1,leg_joint2,leg_joint3,leg_joint4,leg_joint5,head_joint1,head_joint2,left_arm_joint1,left_arm_joint2,left_arm_joint3,left_arm_joint4,left_arm_joint5,left_arm_joint6,left_arm_joint7,right_arm_joint1,right_arm_joint2,right_arm_joint3,right_arm_joint4,right_arm_joint5,right_arm_joint6,right_arm_joint7
0,0,0,0,0.35,1.28,0.87,0,0,0,0,1.17,-1.27,0.237,-0.528,0.292,-0.307,-0.05,-1.17,1.27,-0.237,0.528,-0.292,0.307,0.05
0.0320128,-0.000101145,0.0201139,0.0402285,0.35,1.28,0.87,0,0,0,0,1.16957,-1.26932,0.236674,-0.528002,0.291998,-0.307003,-0.05,-1.1678,1.2701,-0.237104,0.528111,-0.291998,0.307003,0.0499074
0.0640256,-0.000404569,0.0402258,0.080457,0.35,1.28,0.87,0,0,0,0,1.16828,-1.26727,0.235697,-0.528007,0.291993,-0.30701,-0.05,-1.16121,1.2704,-0.237414,0.528444,-0.291993,0.30701,0.0496297
0.0960384,-0.000910242,0.0603336,0.120685,0.35,1.28,0.87,0,0,0,0,1.16614,-1.26387,0.234069,-0.528015,0.291985,-0.307023,-0.05,-1.15023,1.27091,-0.237932,0.529,-0.291985,0.307023,0.0491669
0.128051,-0.00161811,0.0804353,0.160914,0.35,1.28,0.87,0,0,0,0,1.16313,-1.25909,0.231789,-0.528027,0.291973,-0.30704,-0.05,-1.13486,1.27162,-0.238656,0.529777,-0.291973,0.30704,0.0485189
0.160064,-0.00252811,0.100529,0.201142,0.35,1.28,0.87,0,0,0,0,1.15927,-1.25296,0.228858,-0.528042,0.291958,-0.307063,-0.05,-1.11509,1.27252,-0.239588,0.530777,-0.291958,0.307063,0.0476857
0.192077,-0.00364014,0.120612,0.241371,0.35,1.28,0.87,0,0,0,0,1.15455,-1.24546,0.225276,-0.528061,0.291939,-0.307091,-0.05,-1.09093,1.27364,-0.240726,0.531999,-0.291939,0.307091,0.0466675
0.22409,-0.00495409,0.140683,0.281599,0.35,1.28,0.87,0,0,0,0,1.14897,-1.2366,0.221042,-0.528082,0.291918,-0.307124,-0.05,-1.06237,1.27495,-0.242072,0.533443,-0.291918,0.307124,0.045464
0.256102,-0.00646983,0.16074,0.321828,0.35,1.28,0.87,0,0,0,0,1.14253,-1.22637,0.216156,-0.528108,0.291892,-0.307162,-0.05,-1.02943,1.27646,-0.243625,0.535109,-0.291892,0.307162,0.0440755
0.288115,-0.00818721,0.180781,0.362056,0.35,1.28,0.87,0,0,0,0,1.13524,-1.21479,0.21062,-0.528136,0.291864,-0.307204,-0.05,-0.992088,1.27818,-0.245384,0.536998,-0.291864,0.307204,0.0425018
0.320128,-0.010106,0.200803,0.402285,0.35,1.28,0.87,0,0,0,0,1.12708,-1.20183,0.204432,-0.528168,0.291832,-0.307252,-0.05,-0.950355,1.2801,-0.247351,0.539108,-0.291832,0.307252,0.0407429
0.352141,-0.0122261,0.220806,0.442513,0.35,1.28,0.87,0,0,0,0,1.11807,-1.18752,0.197593,-0.528204,0.291796,-0.307305,-0.05,-0.90423,1.28222,-0.249525,0.541441,-0.291796,0.307305,0.0387989
0.384154,-0.0145473,0.240785,0.482742,0.35,1.28,0.87,0,0,0,0,1.1082,-1.17184,0.190102,-0.528242,0.291758,-0.307364,-0.05,-0.853711,1.28454,-0.251906,0.543996,-0.291758,0.307364,0.0366698
0.416166,-0.0170693,0.260741,0.52297,0.35,1.28,0.87,0,0,0,0,1.09747,-1.1548,0.18196,-0.528284,0.291716,-0.307427,-0.05,-0.7988,1.28707,-0.254493,0.546773,-0.291716,0.307427,0.0343556
0.448179,-0.0197918,0.28067,0.563199,0.35,1.28,0.87,0,0,0,0,1.08588,-1.1364,0.173167,-0.52833,0.29167,-0.307495,-0.05,-0.739496,1.28979,-0.257288,0.549773,-0.29167,0.307495,0.0318561
0.480192,-0.0227146,0.30057,0.603427,0.35,1.28,0.87,0,0,0,0,1.07343,-1.11663,0.163722,-0.528379,0.291621,-0.307568,-0.05,-0.675799,1.29272,-0.26029,0.552994,-0.291621,0.307568,0.0291716
0.512205,-0.0258375,0.320441,0.643656,0.35,1.28,0.87,0,0,0,0,1.06013,-1.0955,0.153626,-0.528431,0.291569,-0.307646,-0.05,-0.607709,1.29585,-0.263499,0.556438,-0.291569,0.307646,0.0263019
0.544218,-0.02916,0.340279,0.683884,0.35,1.28,0.87,0,0,0,0,1.04596,-1.073,0.142878,-0.528486,0.291514,-0.30773,-0.05,-0.535226,1.29919,-0.266915,0.560104,-0.291514,0.30773,0.0232471
0.57623,-0.0326818,0.360082,0.724113,0.35,1.28,0.87,0,0,0,0,1.03094,-1.04914,0.13148,-0.528545,0.291455,-0.307818,-0.05,-0.45835,1.30272,-0.270538,0.563991,-0.291455,0.307818,0.0200071
0.608243,-0.0364026,0.379849,0.764341,0.35,1.28,0.87,0,0,0,0,1.01506,-1.02392,0.119429,-0.528608,0.291392,-0.307911,-0.05,-0.377082,1.30646,-0.274367,0.568102,-0.291392,0.307911,0.016582
0.640256,-0.040322,0.399578,0.80457,0.35,1.28,0.87,0,0,0,0,0.998323,-0.997337,0.106728,-0.528673,0.291327,-0.30801,-0.05,-0.29142,1.31039,-0.278404,0.572434,-0.291327,0.30801,0.0129717
0.672269,-0.0444397,0.419266,0.844798,0.35,1.28,0.87,0,0,0,0,0.980727,-0.969389,0.0933749,-0.528742,0.291258,-0.308113,-0.05,-0.201366,1.31453,-0.282648,0.576988,-0.291258,0.308113,0.00917634
0.704282,-0.0487551,0.438912,0.885027,0.35,1.28,0.87,0,0,0,0,0.962271,-0.940078,0.0793707,-0.528815,0.291185,-0.308222,-0.05,-0.106919,1.31888,-0.287099,0.581765,-0.291185,0.308222,0.0051958
0.736295,-0.0532679,0.458513,0.925255,0.35,1.28,0.87,0,0,0,0,0.942958,-0.909404,0.0647151,-0.52889,0.29111,-0.308336,-0.05,-0.00807828,1.32342,-0.291757,0.586764,-0.29111,0.308336,0.00103012
0.768307,-0.0579776,0.478068,0.965483,0.35,1.28,0.87,0,0,0,0,0.922786,-0.877366,0.0494081,-0.528969,0.291031,-0.308454,-0.05,0.0951547,1.32817,-0.296622,0.591985,-0.291031,0.308454,-0.0033207
0.80032,-0.0628837,0.497575,1.00571,0.35,1.28,0.87,0,0,0,0,0.902091,-0.844497,0.0337041,-0.529051,0.290949,-0.308576,-0.05,0.201065,1.33304,-0.301613,0.597341,-0.290949,0.308576,-0.00778435
0.832333,-0.0679858,0.517031,1.04594,0.35,1.28,0.87,0,0,0,0,0.882133,-0.8128,0.01856,-0.529129,0.290871,-0.308693,-0.05,0.3032,1.33773,-0.306427,0.602507,-0.290871,0.308693,-0.0120889
0.864346,-0.0732832,0.536435,1.08617,0.35,1.28,0.87,0,0,0,0,0.863034,-0.782466,0.00406724,-0.529204,0.290796,-0.308806,-0.05,0.400942,1.34223,-0.311033,0.60745,-0.290796,0.308806,-0.0162083
0.896359,-0.0787756,0.555785,1.1264,0.35,1.28,0.87,0,0,0,0,0.844794,-0.753496,-0.00977418,-0.529275,0.290725,-0.308913,-0.05,0.494291,1.34652,-0.315432,0.612171,-0.290725,0.308913,-0.0201425
0.928371,-0.0844622,0.575078,1.16663,0.35,1.28,0.87,0,0,0,0,0.827411,-0.725889,-0.0229642,-0.529343,0.290657,-0.309015,-0.05,0.583247,1.35061,-0.319624,0.61667,-0.290657,0.309015,-0.0238916
0.960384,-0.0903426,0.594314,1.20685,0.35,1.28,0.87,0,0,0,0,0.810888,-0.699645,-0.0355029,-0.529408,0.290592,-0.309112,-0.05,0.667811,1.3545,-0.323609,0.620947,-0.290592,0.309112,-0.0274556
0.992397,-0.0964162,0.613489,1.24708,0.35,1.28,0.87,0,0,0,0,0.795222,-0.674765,-0.0473903,-0.52947,0.29053,-0.309205,-0.05,0.747981,1.35818,-0.327388,0.625001,-0.29053,0.309205,-0.0308344
1.02441,-0.102682,0.632602,1.28731,0.35,1.28,0.87,0,0,0,0,0.780415,-0.651247,-0.0586263,-0.529528,0.290472,-0.309292,-0.05,0.823759,1.36167,-0.330959,0.628834,-0.290472,0.309292,-0.0340281
1.05642,-0.10914,0.651651,1.32754,0.35,1.28,0.87,0,0,0,0,0.766466,-0.629094,-0.0692109,-0.529582,0.290418,-0.309374,-0.05,0.895143,1.36495,-0.334323,0.632444,-0.290418,0.309374,-0.0370367
1.08844,-0.11579,0.670635,1.36777,0.35,1.28,0.87,0,0,0,0,0.753376,-0.608303,-0.0791441,-0.529634,0.290366,-0.309451,-0.05,0.962135,1.36803,-0.33748,0.635832,-0.290366,0.309451,-0.0398601
1.12045,-0.122629,0.68955,1.408,0.35,1.28,0.87,0,0,0,0,0.741144,-0.588876,-0.088426,-0.529682,0.290318,-0.309523,-0.05,1.02473,1.37091,-0.34043,0.638998,-0.290318,0.309523,-0.0424984
1.15246,-0.129659,0.708396,1.44823,0.35,1.28,0.87,0,0,0,0,0.72977,-0.570812,-0.0970566,-0.529726,0.290274,-0.30959,-0.05,1.08294,1.37358,-0.343173,0.641942,-0.290274,0.30959,-0.0449515
1.18447,-0.136878,0.72717,1.48845,0.35,1.28,0.87,0,0,0,0,0.719255,-0.554111,-0.105036,-0.529768,0.290232,-0.309651,-0.05,1.13675,1.37606,-0.345709,0.644663,-0.290232,0.309651,-0.0472195
1.21649,-0.144285,0.745871,1.52868,0.35,1.28,0.87,0,0,0,0,0.709598,-0.538774,-0.112364,-0.529805,0.290195,-0.309708,-0.05,1.18617,1.37833,-0.348038,0.647163,-0.290195,0.309708,-0.0493023
1.2485,-0.15188,0.764496,1.56891,0.35,1.28,0.87,0,0,0,0,0.7008,-0.5248,-0.11904,-0.52984,0.29016,-0.30976,-0.05,1.2312,1.3804,-0.35016,0.64944,-0.29016,0.30976,-0.0512
1.28051,-0.159662,0.783043,1.60914,0.35,1.28,0.87,0,0,0,0,0.69286,-0.512189,-0.125065,-0.529871,0.290129,-0.309807,-0.05,1.27183,1.38227,-0.352075,0.651495,-0.290129,0.309807,-0.0529126
1.31253,-0.16763,0.801512,1.64937,0.35,1.28,0.87,0,0,0,0,0.685778,-0.500942,-0.130439,-0.529899,0.290101,-0.309848,-0.05,1.30808,1.38393,-0.353783,0.653328,-0.290101,0.309848,-0.05444
1.34454,-0.175784,0.8199,1.6896,0.35,1.28,0.87,0,0,0,0,0.679555,-0.491058,-0.135161,-0.529923,0.290077,-0.309885,-0.05,1.33992,1.3854,-0.355284,0.654939,-0.290077,0.309885,-0.0557822
1.37655,-0.184122,0.838204,1.72982,0.35,1.28,0.87,0,0,0,0,0.67419,-0.482537,-0.139232,-0.529944,0.290056,-0.309917,-0.05,1.36738,1.38666,-0.356578,0.656327,-0.290056,0.309917,-0.0569394
1.40856,-0.192643,0.856424,1.77005,0.35,1.28,0.87,0,0,0,0,0.669684,-0.47538,-0.142652,-0.529962,0.290038,-0.309943,-0.05,1.39044,1.38772,-0.357665,0.657494,-0.290038,0.309943,-0.0579114
1.44058,-0.201348,0.874557,1.81028,0.35,1.28,0.87,0,0,0,0,0.666036,-0.469586,-0.14542,-0.529976,0.290024,-0.309964,-0.05,1.40911,1.38858,-0.358544,0.658438,-0.290024,0.309964,-0.0586982
1.47259,-0.210234,0.892602,1.85051,0.35,1.28,0.87,0,0,0,0,0.663246,-0.465155,-0.147537,-0.529987,0.290013,-0.309981,-0.05,1.42339,1.38924,-0.359217,0.65916,-0.290013,0.309981,-0.0592999
1.5046,-0.219301,0.910556,1.89074,0.35,1.28,0.87,0,0,0,0,0.661314,-0.462088,-0.149003,-0.529995,0.290005,-0.309992,-0.05,1.43327,1.38969,-0.359683,0.65966,-0.290005,0.309992,-0.0597165
1.53661,-0.228549,0.928419,1.93097,0.35,1.28,0.87,0,0,0,0,0.660241,-0.460383,-0.149817,-0.529999,0.290001,-0.309999,-0.05,1.43876,1.38994,-0.359942,0.659938,-0.290001,0.309999,-0.0599479
1.56863,-0.237976,0.946187,1.9712,0.35,1.28,0.87,0,0,0,0,0.66,-0.46,-0.15,-0.53,0.29,-0.31,-0.05,1.44,1.39,-0.36,0.66,-0.29,0.31,-0.06
1.60064,-0.24758,0.96386,2.01142,0.35,1.28,0.87,0,0,0,0,0.66,-0.46,-0.15,-0.53,0.29,-0.31,-0.05,1.44,1.39,-0.36,0.66,-0.29,0.31,-0.06
1.63265,-0.257363,0.981435,2.05165,0.35,1.28,0.87,0,0,0,0,0.66,-0.46,-0.15,-0.53,0.29,-0.31,-0.05,1.44,1.39,-0.36,0.66,-0.29,0.31,-0.06
1.66467,-0.267321,0.998911,2.09188,0.35,1.28,0.87,0,0,0,0,0.66,-0.46,-0.15,-0.53,0.29,-0.31,-0.05,1.44,1.39,-0.36,0.66,-0.29,0.31,-0.06
1.69668,-0.277455,1.01629,2.13211,0.35,1.28,0.87,0,0,0,0,0.66,-0.46,-0.15,-0.53,0.29,-0.31,-0.05,1.44,1.39,-0.36,0.66,-0.29,0.31,-0.06
1.72869,-0.287762,1.03356,2.17234,0.35,1.28,0.87,0,0,0,0,0.66,-0.46,-0.15,-0.53,0.29,-0.31,-0.05,1.44,1.39,-0.36,0.66,-0.29,0.31,-0.06
1.7607,-0.298243,1.05073,2.21257,0.35,1.28,0.87,0,0,0,0,0.66,-0.46,-0.15,-0.53,0.29,-0.31,-0.05,1.44,1.39,-0.36,0.66,-0.29,0.31,-0.06
1.79272,-0.308897,1.06779,2.25279,0.35,1.28,0.87,0,0,0,0,0.66,-0.46,-0.15,-0.53,0.29,-0.31,-0.05,1.44,1.39,-0.36,0.66,-0.29,0.31,-0.06
1.82473,-0.319721,1.08474,2.29302,0.35,1.28,0.87,0,0,0,0,0.66,-0.46,-0.15,-0.53,0.29,-0.31,-0.05,1.44,1.39,-0.36,0.66,-0.29,0.31,-0.06
1.85674,-0.330715,1.10158,2.33325,0.35,1.28,0.87,0,0,0,0,0.66,-0.46,-0.15,-0.53,0.29,-0.31,-0.05,1.44,1.39,-0.36,0.66,-0.29,0.31,-0.06
1.88876,-0.341878,1.11832,2.37348,0.35,1.28,0.87,0,0,0,0,0.66,-0.46,-0.15,-0.53,0.29,-0.31,-0.05,1.44,1.39,-0.36,0.66,-0.29,0.31,-0.06
1.92077,-0.353209,1.13494,2.41371,0.35,1.28,0.87,0,0,0,0,0.66,-0.46,-0.15,-0.53,0.29,-0.31,-0.05,1.44,1.39,-0.36,0.66,-0.29,0.31,-0.06
1.95278,-0.364706,1.15144,2.45394,0.35,1.28,0.87,0,0,0,0,0.66,-0.46,-0.15,-0.53,0.29,-0.31,-0.05,1.44,1.39,-0.36,0.66,-0.29,0.31,-0.06
1.98479,-0.376369,1.16783,2.49417,0.35,1.28,0.87,0,0,0,0,0.66,-0.46,-0.15,-0.53,0.29,-0.31,-0.05,1.44,1.39,-0.36,0.66,-0.29,0.31,-0.06
2.01681,-0.388196,1.1841,2.53439,0.35,1.28,0.87,0,0,0,0,0.66,-0.46,-0.15,-0.53,0.29,-0.31,-0.05,1.44,1.39,-0.36,0.66,-0.29,0.31,-0.06
2.04882,-0.400185,1.20025,2.57462,0.35,1.28,0.87,0,0,0,0,0.66,-0.46,-0.15,-0.53,0.29,-0.31,-0.05,1.44,1.39,-0.36,0.66,-0.29,0.31,-0.06
2.08083,-0.412337,1.21628,2.61485,0.35,1.28,0.87,0,0,0,0,0.66,-0.46,-0.15,-0.53,0.29,-0.31,-0.05,1.44,1.39,-0.36,0.66,-0.29,0.31,-0.06
2.11285,-0.42465,1.23218,2.65508,0.35,1.28,0.87,0,0,0,0,0.66,-0.46,-0.15,-0.53,0.29,-0.31,-0.05,1.44,1.39,-0.36,0.66,-0.29,0.31,-0.06
2.14486,-0.437121,1.24796,2.69531,0.35,1.28,0.87,0,0,0,0,0.66,-0.46,-0.15,-0.53,0.29,-0.31,-0.05,1.44,1.39,-0.36,0.66,-0.29,0.31,-0.06
2.17687,-0.449751,1.26362,2.73554,0.35,1.28,0.87,0,0,0,0,0.66,-0.46,-0.15,-0.53,0.29,-0.31,-0.05,1.44,1.39,-0.36,0.66,-0.29,0.31,-0.06
2.20888,-0.462537,1.27914,2.77576,0.35,1.28,0.87,0,0,0,0,0.66,-0.46,-0.15,-0.53,0.29,-0.31,-0.05,1.44,1.39,-0.36,0.66,-0.29,0.31,-0.06
2.2409,-0.475479,1.29454,2.81599,0.35,1.28,0.87,0,0,0,0,0.66,-0.46,-0.15,-0.53,0.29,-0.31,-0.05,1.44,1.39,-0.36,0.66,-0.29,0.31,-0.06
2.27291,-0.488576,1.30981,2.85622,0.35,1.28,0.87,0,0,0,0,0.66,-0.46,-0.15,-0.53,0.29,-0.31,-0.05,1.44,1.39,-0.36,0.66,-0.29,0.31,-0.06
2.30492,-0.501825,1.32494,2.89645,0.35,1.28,0.87,0,0,0,0,0.66,-0.46,-0.15,-0.53,0.29,-0.31,-0.05,1.44,1.39,-0.36,0.66,-0.29,0.31,-0.06
2.33693,-0.515225,1.33994,2.93668,0.35,1.28,0.87,0,0,0,0,0.66,-0.46,-0.15,-0.53,0.29,-0.31,-0.05,1.44,1.39,-0.36,0.66,-0.29,0.31,-0.06
2.36895,-0.528776,1.35481,2.97691,0.35,1.28,0.87,0,0,0,0,0.66,-0.46,-0.15,-0.53,0.29,-0.31,-0.05,1.44,1.39,-0.36,0.66,-0.29,0.31,-0.06
2.40096,-0.542476,1.36953,3.01714,0.35,1.28,0.87,0,0,0,0,0.66,-0.46,-0.15,-0.53,0.29,-0.31,-0.05,1.44,1.39,-0.36,0.66,-0.29,0.31,-0.06
2.43297,-0.556323,1.38412,3.05736,0.35,1.28,0.87,0,0,0,0,0.66,-0.46,-0.15,-0.53,0.29,-0.31,-0.05,1.44,1.39,-0.36,0.66,-0.29,0.31,-0.06
2.46499,-0.570316,1.39857,3.09759,0.35,1.28,0.87,0,0,0,0,0.66,-0.46,-0.15,-0.53,0.29,-0.31,-0.05,1.44,1.39,-0.36,0.66,-0.29,0.31,-0.06
2.497,-0.584454,1.41288,3.13782,0.35,1.28,0.87,0,0,0,0,0.66,-0.46,-0.15,-0.53,0.29,-0.31,-0.05,1.44,1.39,-0.36,0.66,-0.29,0.31,-0.06
2.52901,-0.598735,1.42704,3.17805,0.35,1.28,0.87,0,0,0,0,0.66,-0.46,-0.15,-0.53,0.29,-0.31,-0.05,1.44,1.39,-0.36,0.66,-0.29,0.31,-0.06
2.56102,-0.613157,1.44106,3.21828,0.35,1.28,0.87,0,0,0,0,0.66,-0.46,-0.15,-0.53,0.29,-0.31,-0.05,1.44,1.39,-0.36,0.66,-0.29,0.31,-0.06
2.59304,-0.62772,1.45494,3.25851,0.35,1.28,0.87,0,0,0,0,0.66,-0.46,-0.15,-0.53,0.29,-0.31,-0.05,1.44,1.39,-0.36,0.66,-0.29,0.31,-0.06
2.62505,-0.642422,1.46867,3.29874,0.35,1.28,0.87,0,0,0,0,0.66,-0.46,-0.15,-0.53,0.29,-0.31,-0.05,1.44,1.39,-0.36,0.66,-0.29,0.31,-0.06
2.65706,-0.657261,1.48225,3.33896,0.35,1.28,0.87,0,0,0,0,0.66,-0.46,-0.15,-0.53,0.29,-0.31,-0.05,1.44,1.39,-0.36,0.66,-0.29,0.31,-0.06
2.68908,-0.672235,1.49567,3.37919,0.35,1.28,0.87,0,0,0,0,0.66,-0.46,-0.15,-0.53,0.29,-0.31,-0.05,1.44,1.39,-0.36,0.66,-0.29,0.31,-0.06
2.72109,-0.687344,1.50895,3.41942,0.35,1.28,0.87,0,0,0,0,0.66,-0.46,-0.15,-0.53,0.29,-0.31,-0.05,1.44,1.39,-0.36,0.66,-0.29,0.31,-0.06
2.7531,-0.702586,1.52208,3.45965,0.35,1.28,0.87,0,0,0,0,0.66,-0.46,-0.15,-0.53,0.29,-0.31,-0.05,1.44,1.39,-0.36,0.66,-0.29,0.31,-0.06
2.78511,-0.717959,1.53505,3.49988,0.35,1.28,0.87,0,0,0,0,0.66,-0.46,-0.15,-0.53,0.29,-0.31,-0.05,1.44,1.39,-0.36,0.66,-0.29,0.31,-0.06
2.81713,-0.733462,1.54786,3.54011,0.35,1.28,0.87,0,0,0,0,0.66,-0.46,-0.15,-0.53,0.29,-0.31,-0.05,1.44,1.39,-0.36,0.66,-0.29,0.31,-0.06
2.84914,-0.749093,1.56052,3.58033,0.35,1.28,0.87,0,0,0,0,0.658904,-0.460483,-0.148368,-0.531775,0.29,-0.309948,-0.05,1.43832,1.38944,-0.360457,0.661579,-0.289922,0.31,-0.06
2.88115,-0.76485,1.57302,3.62056,0.35,1.28,0.87,0,0,0,0,0.654965,-0.462218,-0.142508,-0.538152,0.29,-0.30976,-0.05,1.43227,1.38742,-0.362098,0.667253,-0.28964,0.31,-0.06
2.91317,-0.780733,1.58537,3.66079,0.35,1.28,0.87,0,0,0,0,0.648162,-0.465214,-0.132385,-0.549166,0.29,-0.309436,-0.05,1.42182,1.38394,-0.364932,0.677052,-0.289154,0.31,-0.06
2.94518,-0.796738,1.59755,3.70102,0.35,1.28,0.87,0,0,0,0,0.638495,-0.469472,-0.117999,-0.564817,0.29,-0.308976,-0.05,1.40698,1.37899,-0.36896,0.690977,-0.288464,0.31,-0.06
2.97719,-0.812865,1.60957,3.74125,0.35,1.28,0.87,0,0,0,0,0.625964,-0.474992,-0.0993513,-0.585106,0.29,-0.308379,-0.05,1.38773,1.37258,-0.374182,0.709028,-0.287569,0.31,-0.06
3.0092,-0.829113,1.62143,3.78148,0.35,1.28,0.87,0,0,0,0,0.610568,-0.481773,-0.0764412,-0.610032,0.29,-0.307646,-0.05,1.36409,1.3647,-0.380596,0.731205,-0.286469,0.31,-0.06
3.04122,-0.845479,1.63312,3.82171,0.35,1.28,0.87,0,0,0,0,0.592309,-0.489816,-0.0492687,-0.639596,0.29,-0.306777,-0.05,1.33605,1.35535,-0.388205,0.757508,-0.285165,0.31,-0.06
3.07323,-0.861961,1.64465,3.86193,0.35,1.28,0.87,0,0,0,0,0.571184,-0.499121,-0.0178339,-0.673797,0.29,-0.305771,-0.05,1.3036,1.34453,-0.397006,0.787937,-0.283656,0.31,-0.06
3.10524,-0.878559,1.65601,3.90216,0.35,1.28,0.87,0,0,0,0,0.547196,-0.509688,0.0178632,-0.712635,0.29,-0.304628,-0.05,1.26677,1.33226,-0.407002,0.822492,-0.281943,0.31,-0.06
3.13725,-0.89527,1.6672,3.94239,0.35,1.28,0.87,0,0,0,0,0.520343,-0.521516,0.0578227,-0.756111,0.29,-0.30335,-0.05,1.22553,1.31851,-0.41819,0.861172,-0.280025,0.31,-0.06
3.16927,-0.912093,1.67823,3.98262,0.35,1.28,0.87,0,0,0,0,0.490626,-0.534605,0.102045,-0.804224,0.29,-0.301935,-0.05,1.17989,1.3033,-0.430572,0.903979,-0.277902,0.31,-0.06
3.20128,-0.929026,1.68909,4.02285,0.35,1.28,0.87,0,0,0,0,0.458045,-0.548957,0.150529,-0.856975,0.29,-0.300383,-0.05,1.12985,1.28662,-0.444148,0.950912,-0.275575,0.31,-0.06
3.23329,-0.946067,1.69977,4.06308,0.35,1.28,0.87,0,0,0,0,0.422599,-0.564569,0.203275,-0.914364,0.29,-0.298695,-0.05,1.07542,1.26847,-0.458917,1.00197,-0.273043,0.31,-0.06
3.26531,-0.963215,1.71029,4.1033,0.35,1.28,0.87,0,0,0,0,0.384289,-0.581444,0.260284,-0.976389,0.29,-0.296871,-0.05,1.01659,1.24886,-0.47488,1.05716,-0.270306,0.31,-0.06
3.29732,-0.980468,1.72063,4.14353,0.35,1.28,0.87,0,0,0,0,0.343115,-0.59958,0.321555,-1.04305,0.29,-0.29491,-0.05,0.953355,1.22778,-0.492036,1.11647,-0.267365,0.31,-0.06
3.32933,-0.997823,1.73079,4.18376,0.35,1.28,0.87,0,0,0,0,0.299076,-0.618978,0.387089,-1.11435,0.29,-0.292813,-0.05,0.885724,1.20524,-0.510385,1.1799,-0.26422,0.31,-0.06
3.36134,-1.01528,1.74078,4.22399,0.35,1.28,0.87,0,0,0,0,0.252173,-0.639638,0.456885,-1.19029,0.29,-0.29058,-0.05,0.813695,1.18123,-0.529928,1.24746,-0.26087,0.31,-0.06
3.39336,-1.03284,1.7506,4.26422,0.35,1.28,0.87,0,0,0,0,0.204017,-0.66085,0.528546,-1.26826,0.29,-0.288287,-0.05,0.739741,1.15658,-0.549993,1.31683,-0.25743,0.31,-0.06
3.42537,-1.05049,1.76024,4.30445,0.35,1.28,0.87,0,0,0,0,0.158547,-0.680878,0.59621,-1.34188,0.29,-0.286121,-0.05,0.669911,1.1333,-0.568939,1.38233,-0.254182,0.31,-0.06
3.45738,-1.06824,1.7697,4.34468,0.35,1.28,0.87,0,0,0,0,0.11594,-0.699645,0.659613,-1.41086,0.29,-0.284092,-0.05,0.604479,1.11149,-0.586692,1.44371,-0.251139,0.31,-0.06
3.4894,-1.08609,1.77898,4.3849,0.35,1.28,0.87,0,0,0,0,0.076198,-0.717151,0.718753,-1.4752,0.29,-0.2822,-0.05,0.543447,1.09115,-0.603251,1.50095,-0.2483,0.31,-0.06
3.52141,-1.10402,1.78808,4.42513,0.35,1.28,0.87,0,0,0,0,0.0393202,-0.733395,0.773631,-1.53491,0.29,-0.280444,-0.05,0.486813,1.07227,-0.618617,1.55407,-0.245666,0.31,-0.06
3.55342,-1.12205,1.797,4.46536,0.35,1.28,0.87,0,0,0,0,0.00530663,-0.748377,0.824246,-1.58998,0.29,-0.278824,-0.05,0.434578,1.05486,-0.632789,1.60307,-0.243236,0.31,-0.06
3.58543,-1.14017,1.80574,4.50559,0.35,1.28,0.87,0,0,0,0,-0.0258426,-0.762097,0.870599,-1.64041,0.29,-0.277341,-0.05,0.386742,1.03891,-0.645768,1.64794,-0.241011,0.31,-0.06
3.61745,-1.15837,1.81429,4.54582,0.35,1.28,0.87,0,0,0,0,-0.0541275,-0.774556,0.91269,-1.68621,0.29,-0.275994,-0.05,0.343304,1.02443,-0.657553,1.68868,-0.238991,0.31,-0.06
3.64946,-1.17666,1.82267,4.58605,0.35,1.28,0.87,0,0,0,0,-0.0795482,-0.785753,0.950518,-1.72736,0.29,-0.274783,-0.05,0.304265,1.01142,-0.668145,1.7253,-0.237175,0.31,-0.06
3.68147,-1.19503,1.83085,4.62627,0.35,1.28,0.87,0,0,0,0,-0.102105,-0.795689,0.984084,-1.76388,0.29,-0.273709,-0.05,0.269625,0.999875,-0.677544,1.75779,-0.235564,0.31,-0.06
3.71349,-1.21349,1.83886,4.6665,0.35,1.28,0.87,0,0,0,0,-0.121797,-0.804363,1.01339,-1.79577,0.29,-0.272772,-0.05,0.239384,0.989795,-0.685749,1.78616,-0.234157,0.31,-0.06
3.7455,-1.23202,1.84667,4.70673,0.35,1.28,0.87,0,0,0,0,-0.138624,-0.811775,1.03843,-1.82301,0.29,-0.27197,-0.05,0.213541,0.98118,-0.69276,1.8104,-0.232955,0.31,-0.06
3.77751,-1.25063,1.8543,4.74696,0.35,1.28,0.87,0,0,0,0,-0.152588,-0.817926,1.05921,-1.84562,0.29,-0.271305,-0.05,0.192097,0.974032,-0.698578,1.83051,-0.231958,0.31,-0.06
3.80952,-1.26932,1.86175,4.78719,0.35,1.28,0.87,0,0,0,0,-0.163687,-0.822814,1.07572,-1.86359,0.29,-0.270777,-0.05,0.175052,0.968351,-0.703203,1.8465,-0.231165,0.31,-0.06
3.84154,-1.28808,1.869,4.82742,0.35,1.28,0.87,0,0,0,0,-0.171922,-0.826442,1.08798,-1.87692,0.29,-0.270385,-0.05,0.162406,0.964135,-0.706634,1.85836,-0.230577,0.31,-0.06
3.87355,-1.30691,1.87607,4.86765,0.35,1.28,0.87,0,0,0,0,-0.177292,-0.828807,1.09597,-1.88562,0.29,-0.270129,-0.05,0.154158,0.961386,-0.708872,1.8661,-0.230193,0.31,-0.06
3.90556,-1.32581,1.88294,4.90787,0.35,1.28,0.87,0,0,0,0,-0.179799,-0.829911,1.0997,-1.88967,0.29,-0.27001,-0.05,0.150309,0.960103,-0.709916,1.86971,-0.230014,0.31,-0.06
3.93758,-1.34478,1.88963,4.9481,0.35,1.28,0.87,0,0,0,0,-0.18,-0.83,1.1,-1.89,0.29,-0.27,-0.05,0.15,0.96,-0.71,1.87,-0.23,0.31,-0.06
3.96959,-1.36382,1.89612,4.98833,0.35,1.28,0.87,0,0,0,0,-0.18,-0.83,1.1,-1.89,0.29,-0.27,-0.05,0.15,0.96,-0.71,1.87,-0.23,0.31,-0.06
4.0016,-1.38292,1.90242,5.02856,0.35,1.28,0.87,0,0,0,0,-0.18,-0.83,1.1,-1.89,0.29,-0.27,-0.05,0.15,0.96,-0.71,1.87,-0.23,0.31,-0.06
4.03361,-1.40209,1.90853,5.06879,0.35,1.28,0.87,0,0,0,0,-0.18,-0.83,1.1,-1.89,0.29,-0.27,-0.05,0.15,0.96,-0.71,1.87,-0.23,0.31,-0.06
4.06563,-1.42131,1.91445,5.10902,0.35,1.28,0.87,0,0,0,0,-0.18,-0.83,1.1,-1.89,0.29,-0.27,-0.05,0.15,0.96,-0.71,1.87,-0.23,0.31,-0.06
4.09764,-1.44059,1.92017,5.14925,0.35,1.28,0.87,0,0,0,0,-0.18,-0.83,1.1,-1.89,0.29,-0.27,-0.05,0.15,0.96,-0.71,1.87,-0.23,0.31,-0.06
4.12965,-1.45993,1.9257,5.18947,0.35,1.28,0.87,0,0,0,0,-0.18,-0.83,1.1,-1.89,0.29,-0.27,-0.05,0.15,0.96,-0.71,1.87,-0.23,0.31,-0.06
4.16166,-1.47933,1.93104,5.2297,0.35,1.28,0.87,0,0,0,0,-0.18,-0.83,1.1,-1.89,0.29,-0.27,-0.05,0.15,0.96,-0.71,1.87,-0.23,0.31,-0.06
4.19368,-1.49877,1.93617,5.26993,0.35,1.28,0.87,0,0,0,0,-0.18,-0.83,1.1,-1.89,0.29,-0.27,-0.05,0.15,0.96,-0.71,1.87,-0.23,0.31,-0.06
4.22569,-1.51827,1.94112,5.31016,0.35,1.28,0.87,0,0,0,0,-0.18,-0.83,1.1,-1.89,0.29,-0.27,-0.05,0.15,0.96,-0.71,1.87,-0.23,0.31,-0.06
4.2577,-1.53782,1.94586,5.35039,0.35,1.28,0.87,0,0,0,0,-0.18,-0.83,1.1,-1.89,0.29,-0.27,-0.05,0.15,0.96,-0.71,1.87,-0.23,0.31,-0.06
4.28972,-1.55741,1.95041,5.39062,0.35,1.28,0.87,0,0,0,0,-0.18,-0.83,1.1,-1.89,0.29,-0.27,-0.05,0.15,0.96,-0.71,1.87,-0.23,0.31,-0.06
4.32173,-1.57705,1.95477,5.43084,0.35,1.28,0.87,0,0,0,0,-0.18,-0.83,1.1,-1.89,0.29,-0.27,-0.05,0.15,0.96,-0.71,1.87,-0.23,0.31,-0.06
4.35374,-1.59673,1.95892,5.47107,0.35,1.28,0.87,0,0,0,0,-0.18,-0.83,1.1,-1.89,0.29,-0.27,-0.05,0.15,0.96,-0.71,1.87,-0.23,0.31,-0.06
4.38575,-1.61645,1.96288,5.5113,0.35,1.28,0.87,0,0,0,0,-0.18,-0.83,1.1,-1.89,0.29,-0.27,-0.05,0.15,0.96,-0.71,1.87,-0.23,0.31,-0.06
4.41777,-1.63621,1.96664,5.55153,0.35,1.28,0.87,0,0,0,0,-0.18,-0.83,1.1,-1.89,0.29,-0.27,-0.05,0.15,0.96,-0.71,1.87,-0.23,0.31,-0.06
4.44978,-1.65601,1.97019,5.59176,0.35,1.28,0.87,0,0,0,0,-0.18,-0.83,1.1,-1.89,0.29,-0.27,-0.05,0.15,0.96,-0.71,1.87,-0.23,0.31,-0.06
4.48179,-1.67584,1.97355,5.63199,0.35,1.28,0.87,0,0,0,0,-0.18,-0.83,1.1,-1.89,0.29,-0.27,-0.05,0.15,0.96,-0.71,1.87,-0.23,0.31,-0.06
4.51381,-1.6957,1.97672,5.67222,0.35,1.28,0.87,0,0,0,0,-0.18,-0.83,1.1,-1.89,0.29,-0.27,-0.05,0.15,0.96,-0.71,1.87,-0.23,0.31,-0.06
4.54582,-1.7156,1.97968,5.71244,0.35,1.28,0.87,0,0,0,0,-0.18,-0.83,1.1,-1.89,0.29,-0.27,-0.05,0.15,0.96,-0.71,1.87,-0.23,0.31,-0.06
4.57783,-1.73552,1.98244,5.75267,0.35,1.28,0.87,0,0,0,0,-0.18,-0.83,1.1,-1.89,0.29,-0.27,-0.05,0.15,0.96,-0.71,1.87,-0.23,0.31,-0.06
4.60984,-1.75547,1.985,5.7929,0.35,1.28,0.87,0,0,0,0,-0.18,-0.83,1.1,-1.89,0.29,-0.27,-0.05,0.15,0.96,-0.71,1.87,-0.23,0.31,-0.06
4.64186,-1.77545,1.98735,5.83313,0.35,1.28,0.87,0,0,0,0,-0.18,-0.83,1.1,-1.89,0.29,-0.27,-0.05,0.15,0.96,-0.71,1.87,-0.23,0.31,-0.06
4.67387,-1.79544,1.98951,5.87336,0.35,1.28,0.87,0,0,0,0,-0.18,-0.83,1.1,-1.89,0.29,-0.27,-0.05,0.15,0.96,-0.71,1.87,-0.23,0.31,-0.06
4.70588,-1.81546,1.99147,5.91359,0.35,1.28,0.87,0,0,0,0,-0.18,-0.83,1.1,-1.89,0.29,-0.27,-0.05,0.15,0.96,-0.71,1.87,-0.23,0.31,-0.06
4.7379,-1.8355,1.99322,5.95381,0.35,1.28,0.87,0,0,0,0,-0.18,-0.83,1.1,-1.89,0.29,-0.27,-0.05,0.15,0.96,-0.71,1.87,-0.23,0.31,-0.06
4.76991,-1.85555,1.99478,5.99404,0.35,1.28,0.87,0,0,0,0,-0.18,-0.83,1.1,-1.89,0.29,-0.27,-0.05,0.15,0.96,-0.71,1.87,-0.23,0.31,-0.06
4.80192,-1.87562,1.99613,6.03427,0.35,1.28,0.87,0,0,0,0,-0.18,-0.83,1.1,-1.89,0.29,-0.27,-0.05,0.15,0.96,-0.71,1.87,-0.23,0.31,-0.06
4.83393,-1.8957,1.99728,6.0745,0.35,1.28,0.87,0,0,0,0,-0.18,-0.83,1.1,-1.89,0.29,-0.27,-0.05,0.15,0.96,-0.71,1.87,-0.23,0.31,-0.06
4.86595,-1.9158,1.99823,6.11473,0.35,1.28,0.87,0,0,0,0,-0.18,-0.83,1.1,-1.89,0.29,-0.27,-0.05,0.15,0.96,-0.71,1.87,-0.23,0.31,-0.06
4.89796,-1.9359,1.99897,6.15496,0.35,1.28,0.87,0,0,0,0,-0.18,-0.83,1.1,-1.89,0.29,-0.27,-0.05,0.15,0.96,-0.71,1.87,-0.23,0.31,-0.06
4.92997,-1.956,1.99952,6.19519,0.35,1.28,0.87,0,0,0,0,-0.18,-0.83,1.1,-1.89,0.29,-0.27,-0.05,0.15,0.96,-0.71,1.87,-0.23,0.31,-0.06
4.96198,-1.97611,1.99986,6.23541,0.35,1.28,0.87,0,0,0,0,-0.18,-0.83,1.1,-1.89,0.29,-0.27,-0.05,0.15,0.96,-0.71,1.87,-0.23,0.31,-0.06
4.994,-1.99623,2,6.27564,0.35,1.28,0.87,0,0,0,0,-0.18,-0.83,1.1,-1.89,0.29,-0.27,-0.05,0.15,0.96,-0.71,1.87,-0.23,0.31,-0.06
5.02601,-2.01634,1.99993,6.31587,0.35,1.28,0.87,0,0,0,0,-0.18,-0.83,1.1,-1.89,0.29,-0.27,-0.05,0.15,0.96,-0.71,1.87,-0.23,0.31,-0.06
5.05802,-2.03646,1.99967,6.3561,0.35,1.28,0.87,0,0,0,0,-0.18,-0.83,1.1,-1.89,0.29,-0.27,-0.05,0.15,0.96,-0.71,1.87,-0.23,0.31,-0.06
5.09004,-2.05656,1.9992,6.39633,0.35,1.28,0.87,0,0,0,0,-0.18,-0.83,1.1,-1.89,0.29,-0.27,-0.05,0.15,0.96,-0.71,1.87,-0.23,0.31,-0.06
5.12205,-2.07667,1.99853,6.43656,0.35,1.28,0.87,0,0,0,0,-0.18,-0.83,1.1,-1.89,0.29,-0.27,-0.05,0.15,0.96,-0.71,1.87,-0.23,0.31,-0.06
5.15406,-2.09676,1.99766,6.47678,0.35,1.28,0.87,0,0,0,0,-0.18,-0.83,1.1,-1.89,0.29,-0.27,-0.05,0.15,0.96,-0.71,1.87,-0.23,0.31,-0.06
5.18607,-2.11685,1.99658,6.51701,0.35,1.28,0.87,0,0,0,0,-0.18,-0.83,1.1,-1.89,0.29,-0.27,-0.05,0.15,0.96,-0.71,1.87,-0.23,0.31,-0.06
5.21809,-2.13692,1.99531,6.55724,0.35,1.28,0.87,0,0,0,0,-0.18,-0.83,1.1,-1.89,0.29,-0.27,-0.05,0.15,0.96,-0.71,1.87,-0.23,0.31,-0.06
5.2501,-2.15698,1.99383,6.59747,0.35,1.28,0.87,0,0,0,0,-0.18,-0.83,1.1,-1.89,0.29,-0.27,-0.05,0.15,0.96,-0.71,1.87,-0.23,0.31,-0.06
5.28211,-2.17702,1.99215,6.6377,0.35,1.28,0.87,0,0,0,0,-0.18,-0.83,1.1,-1.89,0.29,-0.27,-0.05,0.15,0.96,-0.71,1.87,-0.23,0.31,-0.06
5.31413,-2.19705,1.99027,6.67793,0.35,1.28,0.87,-0.000618697,0,-0.00156737,0,-0.178598,-0.829381,1.09828,-1.89019,0.289038,-0.269799,-0.049505,0.150949,0.959643,-0.710082,1.86788,-0.23,0.309684,-0.06
5.34614,-2.21706,1.98819,6.71816,0.35,1.28,0.87,-0.00284096,0,-0.00719709,0,-0.17356,-0.827159,1.09211,-1.89088,0.285581,-0.269078,-0.0477272,0.154356,0.958359,-0.710379,1.86028,-0.23,0.308548,-0.06
5.37815,-2.23704,1.9859,6.75838,0.35,1.28,0.87,-0.0066794,0,-0.0169212,0,-0.16486,-0.823321,1.08145,-1.89208,0.27961,-0.267833,-0.0446565,0.160242,0.956141,-0.710891,1.84714,-0.23,0.306586,-0.06
5.41016,-2.257,1.98342,6.79861,0.35,1.28,0.87,-0.012134,0,-0.0307396,0,-0.152496,-0.817866,1.06629,-1.89378,0.271125,-0.266063,-0.0402928,0.168606,0.952989,-0.711618,1.82847,-0.23,0.303798,-0.06
5.44218,-2.27694,1.98073,6.83884,0.35,1.28,0.87,-0.0192049,0,-0.0486523,0,-0.136469,-0.810795,1.04665,-1.89597,0.260126,-0.263769,-0.0346361,0.179447,0.948904,-0.712561,1.80428,-0.23,0.300184,-0.06
5.47419,-2.29684,1.97785,6.87907,0.35,1.28,0.87,-0.0278919,0,-0.0706594,0,-0.116778,-0.802108,1.02252,-1.89868,0.246613,-0.260951,-0.0276865,0.192768,0.943885,-0.713719,1.77455,-0.23,0.295744,-0.06
5.5062,-2.31672,1.97476,6.9193,0.35,1.28,0.87,-0.0381951,0,-0.0967609,0,-0.0934245,-0.791805,0.993903,-1.90188,0.230585,-0.257608,-0.0194439,0.208566,0.937932,-0.715093,1.73929,-0.23,0.290478,-0.06
5.53822,-2.33656,1.97148,6.95953,0.35,1.28,0.87,-0.0501145,0,-0.126957,0,-0.0664072,-0.779886,0.960793,-1.90559,0.212044,-0.253741,-0.00990843,0.226842,0.931045,-0.716682,1.6985,-0.23,0.284386,-0.06
5.57023,-2.35637,1.96799,6.99976,0.35,1.28,0.87,-0.06365,0,-0.161247,0,-0.0357266,-0.76635,0.923194,-1.9098,0.190989,-0.249349,0.000920032,0.247597,0.923224,-0.718487,1.65218,-0.23,0.277468,-0.06
5.60224,-2.37615,1.96431,7.03998,0.35,1.28,0.87,-0.0788018,0,-0.199631,0,-0.00138258,-0.751198,0.881106,-1.91452,0.167419,-0.244433,0.0130414,0.270829,0.91447,-0.720507,1.60032,-0.23,0.269724,-0.06
5.63425,-2.39588,1.96043,7.08021,0.35,1.28,0.87,-0.0955698,0,-0.24211,0,0.0366248,-0.73443,0.834528,-1.91973,0.141336,-0.238993,0.0264558,0.29654,0.904782,-0.722743,1.54294,-0.23,0.261153,-0.06
5.66627,-2.41558,1.95635,7.12044,0.35,1.28,0.87,-0.113954,0,-0.288683,0,0.0782955,-0.716046,0.783461,-1.92545,0.112738,-0.233028,0.0411631,0.324729,0.89416,-0.725194,1.48002,-0.23,0.251757,-0.06
5.69828,-2.43523,1.95207,7.16067,0.35,1.28,0.87,-0.133954,0,-0.339351,0,0.12363,-0.696046,0.727905,-1.93167,0.0816268,-0.226539,0.0571634,0.355396,0.882604,-0.727861,1.41158,-0.23,0.241535,-0.06
5.73029,-2.45484,1.94759,7.2009,0.35,1.28,0.87,-0.155571,0,-0.394113,0,0.172627,-0.674429,0.667859,-1.9384,0.0480011,-0.219526,0.0744566,0.388542,0.870115,-0.730743,1.3376,-0.23,0.230486,-0.06
5.7623,-2.47441,1.94292,7.24113,0.35,1.28,0.87,-0.178803,0,-0.452969,0,0.225288,-0.651197,0.603324,-1.94563,0.0118613,-0.211988,0.0930428,0.424165,0.856691,-0.73384,1.25809,-0.23,0.218612,-0.06
5.79432,-2.49392,1.93805,7.28135,0.35,1.28,0.87,-0.203375,0,-0.515216,0,0.280982,-0.626625,0.535071,-1.95327,-0.0263605,-0.204016,0.1127,0.461841,0.842495,-0.737117,1.17401,-0.23,0.206053,-0.06
5.82633,-2.51339,1.93299,7.32158,0.35,1.28,0.87,-0.228089,0,-0.577826,0,0.337002,-0.601911,0.466419,-1.96096,-0.0648056,-0.195998,0.132471,0.499737,0.828215,-0.740412,1.08943,-0.23,0.193421,-0.06
5.85834,-2.5328,1.92772,7.36181,0.35,1.28,0.87,-0.252804,0,-0.640437,0,0.393023,-0.577196,0.397766,-1.96865,-0.103251,-0.187979,0.152243,0.537633,0.813935,-0.743707,1.00485,-0.23,0.180789,-0.06
5.89036,-2.55216,1.92227,7.40204,0.35,1.28,0.87,-0.277156,0,-0.702129,0,0.448221,-0.552844,0.330122,-1.97623,-0.141132,-0.180078,0.171725,0.574973,0.799865,-0.746954,0.92151,-0.23,0.168342,-0.06
5.92237,-2.57147,1.91662,7.44227,0.35,1.28,0.87,-0.299985,0,-0.759962,0,0.499966,-0.530015,0.266709,-1.98333,-0.176643,-0.172672,0.189988,0.609977,0.786675,-0.749998,0.843385,-0.23,0.156674,-0.06
5.95438,-2.59071,1.91077,7.4825,0.35,1.28,0.87,-0.321197,0,-0.8137,0,0.548047,-0.508803,0.207785,-1.98993,-0.20964,-0.165789,0.206958,0.642503,0.774419,-0.752826,0.770791,-0.23,0.145832,-0.06
5.98639,-2.6099,1.90474,7.52273,0.35,1.28,0.87,-0.340794,0,-0.863344,0,0.592466,-0.489206,0.153351,-1.99602,-0.240123,-0.159431,0.222635,0.67255,0.763097,-0.755439,0.703728,-0.23,0.135817,-0.06
6.01841,-2.62902,1.89851,7.56295,0.35,1.28,0.87,-0.358774,0,-0.908893,0,0.63322,-0.471226,0.103406,-2.00162,-0.268092,-0.153598,0.237019,0.70012,0.752709,-0.757836,0.642197,-0.23,0.126627,-0.06
6.05042,-2.64808,1.89209,7.60318,0.35,1.28,0.87,-0.375138,0,-0.950349,0,0.670312,-0.454862,0.057951,-2.00671,-0.293547,-0.148289,0.25011,0.725211,0.743254,-0.760018,0.586196,-0.23,0.118263,-0.06
6.08243,-2.66708,1.88547,7.64341,0.35,1.28,0.87,-0.389885,0,-0.98771,0,0.70374,-0.440115,0.0169851,-2.0113,-0.316488,-0.143504,0.261908,0.747824,0.734733,-0.761985,0.535726,-0.23,0.110725,-0.06
6.11445,-2.68601,1.87867,7.68364,0.35,1.28,0.87,-0.403017,0,-1.02098,0,0.733505,-0.426983,-0.0194914,-2.01538,-0.336915,-0.139243,0.272414,0.767959,0.727146,-0.763736,0.490787,-0.23,0.104014,-0.06
6.14646,-2.70487,1.87167,7.72387,0.35,1.28,0.87,-0.414532,0,-1.05015,0,0.759606,-0.415468,-0.0514784,-2.01897,-0.354828,-0.135507,0.281626,0.785616,0.720492,-0.765271,0.451379,-0.23,0.098128,-0.06
6.17847,-2.72366,1.86449,7.7641,0.35,1.28,0.87,-0.424431,0,-1.07523,0,0.782044,-0.405569,-0.0789761,-2.02205,-0.370227,-0.132296,0.289545,0.800795,0.714773,-0.766591,0.417501,-0.23,0.0930684,-0.06
6.21048,-2.74237,1.85712,7.80432,0.35,1.28,0.87,-0.432714,0,-1.09621,0,0.800819,-0.397286,-0.101984,-2.02462,-0.383111,-0.129608,0.296171,0.813495,0.709987,-0.767695,0.389155,-0.23,0.0888349,-0.06
6.2425,-2.76101,1.84956,7.84455,0.35,1.28,0.87,-0.439381,0,-1.1131,0,0.815931,-0.390619,-0.120503,-2.0267,-0.393482,-0.127445,0.301505,0.823718,0.706135,-0.768584,0.36634,-0.23,0.0854274,-0.06
6.27451,-2.77957,1.84181,7.88478,0.35,1.28,0.87,-0.444432,0,-1.12589,0,0.827379,-0.385568,-0.134533,-2.02827,-0.401338,-0.125807,0.305545,0.831462,0.703217,-0.769258,0.349056,-0.23,0.082846,-0.06
6.30652,-2.79806,1.83388,7.92501,0.35,1.28,0.87,-0.447866,0,-1.13459,0,0.835163,-0.382134,-0.144073,-2.02934,-0.406681,-0.124692,0.308293,0.836728,0.701233,-0.769715,0.337303,-0.23,0.0810906,-0.06
6.33854,-2.81646,1.82576,7.96524,0.35,1.28,0.87,-0.449684,0,-1.1392,0,0.839285,-0.380316,-0.149123,-2.0299,-0.409509,-0.124102,0.309747,0.839516,0.700182,-0.769958,0.33108,-0.23,0.0801613,-0.06
6.37055,-2.83478,1.81746,8.00547,0.35,1.28,0.87,-0.45,0,-1.14,0,0.84,-0.38,-0.15,-2.03,-0.41,-0.124,0.31,0.84,0.7,-0.77,0.33,-0.23,0.08,-0.06
6.40256,-2.85301,1.80897,8.0457,0.35,1.28,0.87,-0.45,0,-1.14,0,0.84,-0.38,-0.15,-2.03,-0.41,-0.124,0.31,0.84,0.7,-0.77,0.33,-0.23,0.08,-0.06
6.43457,-2.87116,1.8003,8.08592,0.35,1.28,0.87,-0.45,0,-1.14,0,0.84,-0.38,-0.15,-2.03,-0.41,-0.124,0.31,0.84,0.7,-0.77,0.33,-0.23,0.08,-0.06
6.46659,-2.88923,1.79145,8.12615,0.35,1.28,0.87,-0.45,0,-1.14,0,0.84,-0.38,-0.15,-2.03,-0.41,-0.124,0.31,0.84,0.7,-0.77,0.33,-0.23,0.08,-0.06
6.4986,-2.9072,1.78241,8.16638,0.35,1.28,0.87,-0.45,0,-1.14,0,0.84,-0.38,-0.15,-2.03,-0.41,-0.124,0.31,0.84,0.7,-0.77,0.33,-0.23,0.08,-0.06
6.53061,-2.92508,1.7732,8.20661,0.35,1.28,0.87,-0.45,0,-1.14,0,0.84,-0.38,-0.15,-2.03,-0.41,-0.124,0.31,0.84,0.7,-0.77,0.33,-0.23,0.08,-0.06
6.56263,-2.94286,1.76381,8.24684,0.35,1.28,0.87,-0.45,0,-1.14,0,0.84,-0.38,-0.15,-2.03,-0.41,-0.124,0.31,0.84,0.7,-0.77,0.33,-0.23,0.08,-0.06
6.59464,-2.96055,1.75423,8.28707,0.35,1.28,0.87,-0.45,0,-1.14,0,0.84,-0.38,-0.15,-2.03,-0.41,-0.124,0.31,0.84,0.7,-0.77,0.33,-0.23,0.08,-0.06
6.62665,-2.97815,1.74449,8.32729,0.35,1.28,0.87,-0.45,0,-1.14,0,0.84,-0.38,-0.15,-2.03,-0.41,-0.124,0.31,0.84,0.7,-0.77,0.33,-0.23,0.08,-0.06
6.65866,-2.99564,1.73456,8.36752,0.35,1.28,0.87,-0.45,0,-1.14,0,0.84,-0.38,-0.15,-2.03,-0.41,-0.124,0.31,0.84,0.7,-0.77,0.33,-0.23,0.08,-0.06
6.69068,-3.01304,1.72446,8.40775,0.35,1.28,0.87,-0.45,0,-1.14,0,0.84,-0.38,-0.15,-2.03,-0.41,-0.124,0.31,0.84,0.7,-0.77,0.33,-0.23,0.08,-0.06
6.72269,-3.03033,1.71418,8.44798,0.35,1.28,0.87,-0.45,0,-1.14,0,0.84,-0.38,-0.15,-2.03,-0.41,-0.124,0.31,0.84,0.7,-0.77,0.33,-0.23,0.08,-0.06
6.7547,-3.04751,1.70373,8.48821,0.35,1.28,0.87,-0.45,0,-1.14,0,0.84,-0.38,-0.15,-2.03,-0.41,-0.124,0.31,0.84,0.7,-0.77,0.33,-0.23,0.08,-0.06
6.78671,-3.0646,1.69311,8.52844,0.35,1.28,0.87,-0.45,0,-1.14,0,0.84,-0.38,-0.15,-2.03,-0.41,-0.124,0.31,0.84,0.7,-0.77,0.33,-0.23,0.08,-0.06
6.81873,-3.08157,1.68232,8.56867,0.35,1.28,0.87,-0.45,0,-1.14,0,0.84,-0.38,-0.15,-2.03,-0.41,-0.124,0.31,0.84,0.7,-0.77,0.33,-0.23,0.08,-0.06
6.85074,-3.09843,1.67136,8.60889,0.35,1.28,0.87,-0.45,0,-1.14,0,0.84,-0.38,-0.15,-2.03,-0.41,-0.124,0.31,0.84,0.7,-0.77,0.33,-0.23,0.08,-0.06
6.88275,-3.11519,1.66023,8.64912,0.35,1.28,0.87,-0.45,0,-1.14,0,0.84,-0.38,-0.15,-2.03,-0.41,-0.124,0.31,0.84,0.7,-0.77,0.33,-0.23,0.08,-0.06
6.91477,-3.13183,1.64893,8.68935,0.35,1.28,0.87,-0.45,0,-1.14,0,0.84,-0.38,-0.15,-2.03,-0.41,-0.124,0.31,0.84,0.7,-0.77,0.33,-0.23,0.08,-0.06
6.94678,-3.14835,1.63746,8.72958,0.35,1.28,0.87,-0.45,0,-1.14,0,0.84,-0.38,-0.15,-2.03,-0.41,-0.124,0.31,0.84,0.7,-0.77,0.33,-0.23,0.08,-0.06
6.97879,-3.16476,1.62583,8.76981,0.35,1.28,0.87,-0.45,0,-1.14,0,0.84,-0.38,-0.15,-2.03,-0.41,-0.124,0.31,0.84,0.7,-0.77,0.33,-0.23,0.08,-0.06
7.0108,-3.18106,1.61403,8.81004,0.35,1.28,0.87,-0.45,0,-1.14,0,0.84,-0.38,-0.15,-2.03,-0.41,-0.124,0.31,0.84,0.7,-0.77,0.33,-0.23,0.08,-0.06
7.04282,-3.19723,1.60208,8.85027,0.35,1.28,0.87,-0.45,0,-1.14,0,0.84,-0.38,-0.15,-2.03,-0.41,-0.124,0.31,0.84,0.7,-0.77,0.33,-0.23,0.08,-0.06
7.07483,-3.21328,1.58995,8.89049,0.35,1.28,0.87,-0.45,0,-1.14,0,0.84,-0.38,-0.15,-2.03,-0.41,-0.124,0.31,0.84,0.7,-0.77,0.33,-0.23,0.08,-0.06
7.10684,-3.22921,1.57767,8.93072,0.35,1.28,0.87,-0.45,0,-1.14,0,0.84,-0.38,-0.15,-2.03,-0.41,-0.124,0.31,0.84,0.7,-0.77,0.33,-0.23,0.08,-0.06
7.13886,-3.24501,1.56523,8.97095,0.35,1.28,0.87,-0.45,0,-1.14,0,0.84,-0.38,-0.15,-2.03,-0.41,-0.124,0.31,0.84,0.7,-0.77,0.33,-0.23,0.08,-0.06
7.17087,-3.26069,1.55263,9.01118,0.35,1.28,0.87,-0.45,0,-1.14,0,0.84,-0.38,-0.15,-2.03,-0.41,-0.124,0.31,0.84,0.7,-0.77,0.33,-0.23,0.08,-0.06
7.20288,-3.27624,1.53987,9.05141,0.35,1.28,0.87,-0.45,0,-1.14,0,0.84,-0.38,-0.15,-2.03,-0.41,-0.124,0.31,0.84,0.7,-0.77,0.33,-0.23,0.08,-0.06
7.23489,-3.29166,1.52696,9.09164,0.35,1.28,0.87,-0.45,0,-1.14,0,0.84,-0.38,-0.15,-2.03,-0.41,-0.124,0.31,0.84,0.7,-0.77,0.33,-0.23,0.08,-0.06
7.26691,-3.30696,1.51389,9.13186,0.35,1.28,0.87,-0.45,0,-1.14,0,0.84,-0.38,-0.15,-2.03,-0.41,-0.124,0.31,0.84,0.7,-0.77,0.33,-0.23,0.08,-0.06
7.29892,-3.32211,1.50067,9.17209,0.35,1.28,0.87,-0.45,0,-1.14,0,0.84,-0.38,-0.15,-2.03,-0.41,-0.124,0.31,0.84,0.7,-0.77,0.33,-0.23,0.08,-0.06
7.33093,-3.33714,1.4873,9.21232,0.35,1.28,0.87,-0.45,0,-1.14,0,0.84,-0.38,-0.15,-2.03,-0.41,-0.124,0.31,0.84,0.7,-0.77,0.33,-0.23,0.08,-0.06
7.36295,-3.35203,1.47378,9.25255,0.35,1.28,0.87,-0.45,0,-1.14,0,0.84,-0.38,-0.15,-2.03,-0.41,-0.124,0.31,0.84,0.7,-0.77,0.33,-0.23,0.08,-0.06
7.39496,-3.36678,1.4601,9.29278,0.35,1.28,0.87,-0.45,0,-1.14,0,0.84,-0.38,-0.15,-2.03,-0.41,-0.124,0.31,0.84,0.7,-0.77,0.33,-0.23,0.08,-0.06
7.42697,-3.3814,1.44628,9.33301,0.35,1.28,0.87,-0.45,0,-1.14,0,0.84,-0.38,-0.15,-2.03,-0.41,-0.124,0.31,0.84,0.7,-0.77,0.33,-0.23,0.08,-0.06
7.45898,-3.39587,1.43232,9.37324,0.35,1.28,0.87,-0.45,0,-1.14,0,0.84,-0.38,-0.15,-2.03,-0.41,-0.124,0.31,0.84,0.7,-0.77,0.33,-0.23,0.08,-0.06
7.491,-3.41021,1.41821,9.41346,0.35,1.28,0.87,-0.45,0,-1.14,0,0.84,-0.38,-0.15,-2.03,-0.41,-0.124,0.31,0.84,0.7,-0.77,0.33,-0.23,0.08,-0.06
7.52301,-3.4244,1.40395,9.45369,0.35,1.28,0.87,-0.45,0,-1.14,0,0.84,-0.38,-0.15,-2.03,-0.41,-0.124,0.31,0.84,0.7,-0.77,0.33,-0.23,0.08,-0.06
7.55502,-3.43845,1.38956,9.49392,0.35,1.28,0.87,-0.45,0,-1.14,0,0.84,-0.38,-0.15,-2.03,-0.41,-0.124,0.31,0.84,0.7,-0.77,0.33,-0.23,0.08,-0.06
7.58703,-3.45235,1.37502,9.53415,0.35,1.28,0.87,-0.45,0,-1.14,0,0.84,-0.38,-0.15,-2.03,-0.41,-0.124,0.31,0.84,0.7,-0.77,0.33,-0.23,0.08,-0.06
7.61905,-3.4661,1.36035,9.57438,0.35,1.28,0.87,-0.45,0,-1.14,0,0.84,-0.38,-0.15,-2.03,-0.41,-0.124,0.31,0.84,0.7,-0.77,0.33,-0.23,0.08,-0.06
7.65106,-3.47971,1.34553,9.61461,0.35,1.28,0.87,-0.45,0,-1.14,0,0.84,-0.38,-0.15,-2.03,-0.41,-0.124,0.31,0.84,0.7,-0.77,0.33,-0.23,0.08,-0.06
7.68307,-3.49317,1.33058,9.65483,0.35,1.28,0.87,-0.45,0,-1.14,0,0.84,-0.38,-0.15,-2.03,-0.41,-0.124,0.31,0.84,0.7,-0.77,0.33,-0.23,0.08,-0.06
7.71509,-3.50647,1.3155,9.69506,0.35,1.28,0.87,-0.45,0,-1.14,0,0.84,-0.38,-0.15,-2.03,-0.41,-0.124,0.31,0.84,0.7,-0.77,0.33,-0.23,0.08,-0.06
7.7471,-3.51963,1.30028,9.73529,0.35,1.28,0.87,-0.45,0,-1.14,0,0.84,-0.38,-0.15,-2.03,-0.41,-0.124,0.31,0.84,0.7,-0.77,0.33,-0.23,0.08,-0.06
7.77911,-3.53263,1.28493,9.77552,0.35,1.28,0.87,-0.45,0,-1.14,0,0.84,-0.38,-0.15,-2.03,-0.41,-0.124,0.31,0.84,0.7,-0.77,0.33,-0.23,0.08,-0.06
7.81112,-3.54547,1.26945,9.81575,0.35,1.28,0.87,-0.449755,0,-1.13938,0,0.840179,-0.380538,-0.14979,-2.02918,-0.409619,-0.124099,0.309804,0.838908,0.700364,-0.76971,0.330108,-0.230034,0.0801234,-0.0599402
7.84314,-3.55816,1.25385,9.85598,0.35,1.28,0.87,-0.448669,0,-1.13663,0,0.840976,-0.382929,-0.148855,-2.02556,-0.407923,-0.124541,0.308935,0.834053,0.701982,-0.768423,0.330586,-0.230183,0.0806716,-0.0596746
7.87515,-3.57069,1.23811,9.89621,0.35,1.28,0.87,-0.446712,0,-1.13167,0,0.842411,-0.387233,-0.147173,-2.01903,-0.404871,-0.125337,0.30737,0.825315,0.704895,-0.766106,0.331447,-0.230453,0.0816584,-0.0591964
7.90716,-3.58306,1.22225,9.93643,0.35,1.28,0.87,-0.443887,0,-1.12451,0,0.844483,-0.393449,-0.144742,-2.00959,-0.400463,-0.126486,0.305109,0.812694,0.709102,-0.762759,0.33269,-0.230842,0.0830839,-0.0585056
7.93918,-3.59528,1.20627,9.97666,0.35,1.28,0.87,-0.440191,0,-1.11515,0,0.847193,-0.401579,-0.141565,-1.99726,-0.394699,-0.127989,0.302153,0.796188,0.714604,-0.758382,0.334316,-0.231351,0.0849479,-0.0576023
7.97119,-3.60733,1.19017,10.0169,0.35,1.28,0.87,-0.435627,0,-1.10359,0,0.85054,-0.411621,-0.137639,-1.98203,-0.387578,-0.129845,0.298501,0.775799,0.7214,-0.752976,0.336324,-0.23198,0.0872505,-0.0564865
8.0032,-3.61922,1.17394,10.0571,0.35,1.28,0.87,-0.430193,0,-1.08982,0,0.854525,-0.423576,-0.132966,-1.96389,-0.3791,-0.132055,0.294154,0.751527,0.729491,-0.746539,0.338715,-0.232729,0.0899917,-0.0551582
8.03521,-3.63094,1.1576,10.0973,0.35,1.28,0.87,-0.423889,0,-1.07385,0,0.859148,-0.437444,-0.127545,-1.94285,-0.369267,-0.134618,0.289111,0.723371,0.738876,-0.739073,0.341489,-0.233598,0.0931715,-0.0536173
8.06723,-3.6425,1.14114,10.1376,0.35,1.28,0.87,-0.416716,0,-1.05568,0,0.864408,-0.453225,-0.121376,-1.91891,-0.358077,-0.137536,0.283373,0.691331,0.749556,-0.730577,0.344645,-0.234586,0.0967899,-0.0518639
8.09924,-3.65389,1.12456,10.1778,0.35,1.28,0.87,-0.408673,0,-1.03531,0,0.870306,-0.470918,-0.114459,-1.89206,-0.345531,-0.140806,0.276939,0.655408,0.761531,-0.721051,0.348184,-0.235694,0.100847,-0.049898
8.13125,-3.66512,1.10787,10.218,0.35,1.28,0.87,-0.399762,0,-1.01273,0,0.876842,-0.490525,-0.106795,-1.86232,-0.331628,-0.14443,0.269809,0.615601,0.7748,-0.710495,0.352105,-0.236922,0.105343,-0.0477195
8.16327,-3.67618,1.09107,10.2583,0.35,1.28,0.87,-0.38998,0,-0.98795,0,0.884015,-0.512044,-0.0983829,-1.82967,-0.316369,-0.148408,0.261984,0.571911,0.789363,-0.69891,0.356409,-0.238269,0.110277,-0.0453285
8.19528,-3.68706,1.07416,10.2985,0.35,1.28,0.87,-0.379329,0,-0.960967,0,0.891825,-0.535476,-0.0892231,-1.79412,-0.299754,-0.152739,0.253463,0.524337,0.805221,-0.686294,0.361095,-0.239737,0.115649,-0.0427249
8.22729,-3.69778,1.05714,10.3387,0.35,1.28,0.87,-0.367809,0,-0.931782,0,0.900274,-0.560821,-0.0793156,-1.75566,-0.281782,-0.157424,0.244247,0.47288,0.822373,-0.672649,0.366164,-0.241324,0.121461,-0.0399088
8.2593,-3.70833,1.04001,10.3789,0.35,1.28,0.87,-0.355419,0,-0.900395,0,0.909359,-0.588078,-0.0686604,-1.71431,-0.262454,-0.162463,0.234335,0.417538,0.840821,-0.657974,0.371616,-0.243031,0.127711,-0.0368802
8.29132,-3.7187,1.02278,10.4192,0.35,1.28,0.87,-0.34216,0,-0.866805,0,0.919083,-0.617248,-0.0572574,-1.67005,-0.241769,-0.167855,0.223728,0.358314,0.860562,-0.642269,0.37745,-0.244858,0.134399,-0.0336391
8.32333,-3.7289,1.00544,10.4594,0.35,1.28,0.87,-0.328031,0,-0.831012,0,0.929444,-0.648332,-0.0451067,-1.62289,-0.219728,-0.173601,0.212425,0.295205,0.881598,-0.625535,0.383666,-0.246805,0.141527,-0.0301854
8.35534,-3.73892,0.988,10.4996,0.35,1.28,0.87,-0.313033,0,-0.793017,0,0.940443,-0.681328,-0.0322083,-1.57283,-0.196331,-0.1797,0.200426,0.228213,0.903929,-0.60777,0.390266,-0.248871,0.149092,-0.0265191
8.38735,-3.74877,0.970462,10.5399,0.35,1.28,0.87,-0.297165,0,-0.752819,0,0.952079,-0.716237,-0.0185621,-1.51987,-0.171578,-0.186153,0.187732,0.157338,0.927554,-0.588976,0.397247,-0.251057,0.157097,-0.0226404
8.41937,-3.75844,0.952826,10.5801,0.35,1.28,0.87,-0.280428,0,-0.710418,0,0.964353,-0.753058,-0.00416818,-1.46401,-0.145468,-0.192959,0.174342,0.0825789,0.952474,-0.569152,0.404612,-0.253363,0.16554,-0.0185491
8.45138,-3.76794,0.935093,10.6203,0.35,1.28,0.87,-0.262822,0,-0.665815,0,0.977264,-0.791793,0.0109735,-1.40524,-0.118002,-0.200119,0.160257,0.00393623,0.978688,-0.548298,0.412359,-0.255789,0.174421,-0.0142453
8.48339,-3.77725,0.917266,10.6605,0.35,1.28,0.87,-0.244346,0,-0.619009,0,0.990813,-0.83244,0.0268629,-1.34357,-0.089179,-0.207633,0.145476,-0.07859,1.0062,-0.526414,0.420488,-0.258335,0.183741,-0.0097289
8.51541,-3.78639,0.899345,10.7008,0.35,1.28,0.87,-0.225,0,-0.57,0,1.005,-0.875,0.0435,-1.279,-0.059,-0.2155,0.13,-0.165,1.035,-0.5035,0.429,-0.261,0.1935,-0.00500001
8.54742,-3.79534,0.881334,10.741,0.35,1.28,0.87,-0.205655,0,-0.520991,0,1.01919,-0.91756,0.0601371,-1.21443,-0.0288211,-0.223367,0.114524,-0.25141,1.0638,-0.480586,0.437512,-0.263665,0.203259,-0.000271109
8.57943,-3.80411,0.863234,10.7812,0.35,1.28,0.87,-0.187179,0,-0.474186,0,1.03274,-0.958207,0.0760265,-1.15276,1.53352e-06,-0.230881,0.0997428,-0.333936,1.09131,-0.458703,0.445641,-0.266211,0.212579,0.00424525
8.61144,-3.8127,0.845047,10.8215,0.35,1.28,0.87,-0.169572,0,-0.429582,0,1.04565,-0.996942,0.0911681,-1.09399,0.0274678,-0.238041,0.0856575,-0.412579,1.11753,-0.437849,0.453388,-0.268637,0.22146,0.00854908
8.64346,-3.82111,0.826774,10.8617,0.35,1.28,0.87,-0.152835,0,-0.387182,0,1.05792,-1.03376,0.105562,-1.03813,0.0535777,-0.244847,0.0722679,-0.487338,1.14245,-0.418024,0.460753,-0.270943,0.229903,0.0126404
8.67547,-3.82933,0.808417,10.9019,0.35,1.28,0.87,-0.136967,0,-0.346983,0,1.06956,-1.06867,0.119208,-0.985166,0.0783312,-0.2513,0.0595737,-0.558213,1.16607,-0.39923,0.467734,-0.273129,0.237908,0.0165191
8.70748,-3.83737,0.789979,10.9421,0.35,1.28,0.87,-0.121969,0,-0.308988,0,1.08056,-1.10167,0.132107,-0.935105,0.101728,-0.257399,0.0475752,-0.625205,1.1884,-0.381465,0.474334,-0.275195,0.245473,0.0201854
8.7395,-3.84522,0.77146,10.9824,0.35,1.28,0.87,-0.10784,0,-0.273195,0,1.09092,-1.13275,0.144257,-0.887947,0.123769,-0.263145,0.0362722,-0.688314,1.20944,-0.364731,0.48055,-0.277142,0.252601,0.0236391
8.77151,-3.85289,0.752864,11.0226,0.35,1.28,0.87,-0.094581,0,-0.239605,0,1.10064,-1.16192,0.15566,-0.84369,0.144454,-0.268537,0.0256648,-0.747538,1.22918,-0.349026,0.486384,-0.278969,0.259289,0.0268802
8.80352,-3.86037,0.734191,11.0628,0.35,1.28,0.87,-0.0821912,0,-0.208218,0,1.10973,-1.18918,0.166316,-0.802336,0.163782,-0.273576,0.0157529,-0.802879,1.24763,-0.334351,0.491836,-0.280676,0.265539,0.0299088
8.83553,-3.86766,0.715445,11.1031,0.35,1.28,0.87,-0.0706708,0,-0.179033,0,1.11817,-1.21452,0.176223,-0.763883,0.181754,-0.278261,0.00653665,-0.854337,1.26478,-0.320706,0.496905,-0.282263,0.27135,0.0327249
8.86755,-3.87476,0.696626,11.1433,0.35,1.28,0.87,-0.0600199,0,-0.15205,0,1.12599,-1.23796,0.185383,-0.728333,0.198369,-0.282592,-0.00198406,-0.901911,1.28064,-0.30809,0.501591,-0.283731,0.276723,0.0353285
8.89956,-3.88167,0.677736,11.1835,0.35,1.28,0.87,-0.0502385,0,-0.127271,0,1.13316,-1.25948,0.193795,-0.695685,0.213628,-0.28657,-0.0098092,-0.945601,1.2952,-0.296505,0.505895,-0.285078,0.281657,0.0377195
8.93157,-3.88839,0.658778,11.2237,0.35,1.28,0.87,-0.0413265,0,-0.104694,0,1.13969,-1.27908,0.201459,-0.665939,0.227531,-0.290194,-0.0169388,-0.985408,1.30847,-0.285949,0.509816,-0.286306,0.286153,0.039898
8.96359,-3.89492,0.639753,11.264,0.35,1.28,0.87,-0.033284,0,-0.0843195,0,1.14559,-1.29678,0.208376,-0.639095,0.240077,-0.293464,-0.0233728,-1.02133,1.32044,-0.276423,0.513355,-0.287414,0.29021,0.0418639
8.9956,-3.90126,0.620664,11.3042,0.35,1.28,0.87,-0.026111,0,-0.0661478,0,1.15085,-1.31256,0.214545,-0.615153,0.251267,-0.296382,-0.0291112,-1.05337,1.33112,-0.267927,0.516511,-0.288402,0.293828,0.0436173
9.02761,-3.9074,0.601512,11.3444,0.35,1.28,0.87,-0.0198074,0,-0.0501787,0,1.15547,-1.32642,0.219966,-0.594113,0.2611,-0.298945,-0.0341541,-1.08153,1.34051,-0.260461,0.519285,-0.289271,0.297008,0.0451582
9.05962,-3.91336,0.582298,11.3847,0.35,1.28,0.87,-0.0143733,0,-0.0364123,0,1.15946,-1.33838,0.224639,-0.575975,0.269578,-0.301155,-0.0385014,-1.1058,1.3486,-0.254024,0.521676,-0.29002,0.299749,0.0464865
9.09164,-3.91911,0.563026,11.4249,0.35,1.28,0.87,-0.0098086,0,-0.0248484,0,1.16281,-1.34842,0.228565,-0.560739,0.276699,-0.303011,-0.0421531,-1.12619,1.3554,-0.248618,0.523684,-0.290649,0.302052,0.0476023
9.12365,-3.92468,0.543698,11.4651,0.35,1.28,0.87,-0.00611339,0,-0.0154873,0,1.16552,-1.35655,0.231742,-0.548405,0.282463,-0.304514,-0.0451093,-1.14269,1.3609,-0.244241,0.52531,-0.291158,0.303916,0.0485056
9.15566,-3.93005,0.524314,11.5053,0.35,1.28,0.87,-0.00328765,0,-0.0083287,0,1.16759,-1.36277,0.234173,-0.538973,0.286871,-0.305663,-0.0473699,-1.15532,1.36511,-0.240894,0.526553,-0.291547,0.305342,0.0491964
9.18768,-3.93523,0.504877,11.5456,0.35,1.28,0.87,-0.00133136,0,-0.00337278,0,1.16902,-1.36707,0.235855,-0.532444,0.289923,-0.306459,-0.0489349,-1.16405,1.36802,-0.238577,0.527414,-0.291817,0.306328,0.0496746
9.21969,-3.94021,0.485389,11.5858,0.35,1.28,0.87,-0.000244536,0,-0.00061949,0,1.16982,-1.36946,0.23679,-0.528816,0.291619,-0.306901,-0.0498044,-1.16891,1.36964,-0.23729,0.527892,-0.291966,0.306877,0.0499402
9.2517,-3.94499,0.465852,11.626,0.35,1.28,0.87,-3.02032e-19,0,-2.07416e-18,0,1.17,-1.37,0.237,-0.528,0.292,-0.307,-0.05,-1.17,1.37,-0.237,0.528,-0.292,0.307,0.05
9.28371,-3.94958,0.446267,11.6663,0.35,1.28,0.87,-3.02032e-19,0,-2.07416e-18,0,1.17,-1.37,0.237,-0.528,0.292,-0.307,-0.05,-1.17,1.37,-0.237,0.528,-0.292,0.307,0.05
9.31573,-3.95397,0.426638,11.7065,0.35,1.28,0.87,-3.02032e-19,0,-2.07416e-18,0,1.17,-1.37,0.237,-0.528,0.292,-0.307,-0.05,-1.17,1.37,-0.237,0.528,-0.292,0.307,0.05
9.34774,-3.95816,0.406966,11.7467,0.35,1.28,0.87,-3.02032e-19,0,-2.07416e-18,0,1.17,-1.37,0.237,-0.528,0.292,-0.307,-0.05,-1.17,1.37,-0.237,0.528,-0.292,0.307,0.05
9.37975,-3.96215,0.387252,11.7869,0.35,1.28,0.87,-3.02032e-19,0,-2.07416e-18,0,1.17,-1.37,0.237,-0.528,0.292,-0.307,-0.05,-1.17,1.37,-0.237,0.528,-0.292,0.307,0.05
9.41176,-3.96595,0.367499,11.8272,0.35,1.28,0.87,-3.02032e-19,0,-2.07416e-18,0,1.17,-1.37,0.237,-0.528,0.292,-0.307,-0.05,-1.17,1.37,-0.237,0.528,-0.292,0.307,0.05
9.44378,-3.96954,0.347709,11.8674,0.35,1.28,0.87,-3.02032e-19,0,-2.07416e-18,0,1.17,-1.37,0.237,-0.528,0.292,-0.307,-0.05,-1.17,1.37,-0.237,0.528,-0.292,0.307,0.05
9.47579,-3.97294,0.327884,11.9076,0.35,1.28,0.87,-3.02032e-19,0,-2.07416e-18,0,1.17,-1.37,0.237,-0.528,0.292,-0.307,-0.05,-1.17,1.37,-0.237,0.528,-0.292,0.307,0.05
9.5078,-3.97614,0.308026,11.9479,0.35,1.28,0.87,0,0,0,0,1.17,-1.37,0.237,-0.528,0.292,-0.307,-0.05,-1.17,1.37,-0.237,0.528,-0.292,0.307,0.05
9.53982,-3.97914,0.288136,11.9881,0.35,1.28,0.87,0,0,0,0,1.17,-1.37,0.237,-0.528,0.292,-0.307,-0.05,-1.17,1.37,-0.237,0.528,-0.292,0.307,0.05
9.57183,-3.98193,0.268217,12.0283,0.35,1.28,0.87,0,0,0,0,1.17,-1.37,0.237,-0.528,0.292,-0.307,-0.05,-1.17,1.37,-0.237,0.528,-0.292,0.307,0.05
9.60384,-3.98453,0.248272,12.0685,0.35,1.28,0.87,0,0,0,0,1.17,-1.37,0.237,-0.528,0.292,-0.307,-0.05,-1.17,1.37,-0.237,0.528,-0.292,0.307,0.05
9.63585,-3.98693,0.228301,12.1088,0.35,1.28,0.87,0,0,0,0,1.17,-1.37,0.237,-0.528,0.292,-0.307,-0.05,-1.17,1.37,-0.237,0.528,-0.292,0.307,0.05
9.66787,-3.98912,0.208307,12.149,0.35,1.28,0.87,0,0,0,0,1.17,-1.37,0.237,-0.528,0.292,-0.307,-0.05,-1.17,1.37,-0.237,0.528,-0.292,0.307,0.05
9.69988,-3.99112,0.188292,12.1892,0.35,1.28,0.87,0,0,0,0,1.17,-1.37,0.237,-0.528,0.292,-0.307,-0.05,-1.17,1.37,-0.237,0.528,-0.292,0.307,0.05
9.73189,-3.99291,0.168258,12.2295,0.35,1.28,0.87,0,0,0,0,1.17,-1.37,0.237,-0.528,0.292,-0.307,-0.05,-1.17,1.37,-0.237,0.528,-0.292,0.307,0.05
9.76391,-3.9945,0.148207,12.2697,0.35,1.28,0.87,0,0,0,0,1.17,-1.37,0.237,-0.528,0.292,-0.307,-0.05,-1.17,1.37,-0.237,0.528,-0.292,0.307,0.05
9.79592,-3.99589,0.12814,12.3099,0.35,1.28,0.87,0,0,0,0,1.17,-1.37,0.237,-0.528,0.292,-0.307,-0.05,-1.17,1.37,-0.237,0.528,-0.292,0.307,0.05
9.82793,-3.99708,0.108061,12.3501,0.35,1.28,0.87,0,0,0,0,1.17,-1.37,0.237,-0.528,0.292,-0.307,-0.05,-1.17,1.37,-0.237,0.528,-0.292,0.307,0.05
9.85994,-3.99806,0.0879714,12.3904,0.35,1.28,0.87,0,0,0,0,1.17,-1.37,0.237,-0.528,0.292,-0.307,-0.05,-1.17,1.37,-0.237,0.528,-0.292,0.307,0.05
9.89196,-3.99885,0.0678725,12.4306,0.35,1.28,0.87,0,0,0,0,1.17,-1.37,0.237,-0.528,0.292,-0.307,-0.05,-1.17,1.37,-0.237,0.528,-0.292,0.307,0.05
9.92397,-3.99943,0.0477668,12.4708,0.35,1.28,0.87,0,0,0,0,1.17,-1.37,0.237,-0.528,0.292,-0.307,-0.05,-1.17,1.37,-0.237,0.528,-0.292,0.307,0.05
9.95598,-3.99981,0.0276562,12.5111,0.35,1.28,0.87,0,0,0,0,1.17,-1.37,0.237,-0.528,0.292,-0.307,-0.05,-1.17,1.37,-0.237,0.528,-0.292,0.307,0.05
9.988,-3.99999,0.00754282,12.5513,0.35,1.28,0.87,0,0,0,0,1.17,-1.37,0.237,-0.528,0.292,-0.307,-0.05,-1.17,1.37,-0.237,0.528,-0.292,0.307,0.05
10,-4,2.44929e-16,12.5664,0.35,1.28,0.87,0,0,0,0,1.17,-1.37,0.237,-0.528,0.292,-0.307,-0.05,-1.17,1.37,-0.237,0.528,-0.292,0.307,0.05
